Workbook

Sheet routes
A1: route_index_global | B1: name | C1: zona_meteo | D1: zone | E1: difficulty | F1: terreny | G1: distance | H1: elevation_gain | I1: orientation | J1: start_point | K1: end_point | L1: start_altitude | M1: end_altitude
A2: 0 | B2: Agulla de Baiau | C2: =VLOOKUP(routes[[#This Row],[zone]],Hoja2!A$1:B$20,2,FALSE) -> zona_nord | D2: Valls del Comapedrosa | E2: COMPLEX | F2: =VLOOKUP(routes[[#This Row],[difficulty]],Hoja2!C$1:D$3,2,FALSE) -> EXIGENT | G2: 6.6km | H2: 1300m | I2: N+SE | J2: Edificis de Prats Sobirans, a 1.560 m | K2: Agulla de Baiau | L2: 1560 | M2: 2860
A3: 1 | B3: Alt del Cubil | C3: =VLOOKUP(routes[[#This Row],[zone]],Hoja2!A$1:B$20,2,FALSE) -> zona_centre | D3: Cortals d'Encamp | E3: COMPLEX | F3: =VLOOKUP(routes[[#This Row],[difficulty]],Hoja2!C$1:D$3,2,FALSE) -> EXIGENT | G3: 4.3km | H3: 746m | I3: W+N | J3: Carretera intermèdia del Funicamp, a 2.090 m (Carretera dels Cortals d’Encamp) | K3: Alt del Cubil, a 2834 m | L3: 2090 | M3: 2834
A4: 2 | B4: Alt del Griu | C4: =VLOOKUP(routes[[#This Row],[zone]],Hoja2!A$1:B$20,2,FALSE) -> zona_centre | D4: Cortals d'Encamp | E4: CHALLENGING | F4: =VLOOKUP(routes[[#This Row],[difficulty]],Hoja2!C$1:D$3,2,FALSE) -> COMPLEX | G4: 7.7km | H4: 985m | I4: W | J4: Carretera dels Cortals d’Encamp (km 6, a 1.887 m). Estacionarem el vehicle al costat de la carretera, en un lloc que no molesti | K4: Alt del Griu, a 2841m | L4: 1887 | M4: 2841
A5: 3 | B5: Avetar | C5: =VLOOKUP(routes[[#This Row],[zone]],Hoja2!A$1:B$20,2,FALSE) -> zona_nord | D5: El Tarter i Soldeu | E5: COMPLEX | F5: =VLOOKUP(routes[[#This Row],[difficulty]],Hoja2!C$1:D$3,2,FALSE) -> EXIGENT | G5: 3.6km | H5: 744m | I5: N | J5: Pàrquing del Tarter, a 1.710 m o pàrquing del Nòrdic, a 1.720 m. | K5: Tosa dels Espiolets, a 2.467 m | L5: 1720 | M5: 2467
A6: 4 | B6: Basses de les Salamandres | C6: =VLOOKUP(routes[[#This Row],[zone]],Hoja2!A$1:B$20,2,FALSE) -> zona_nord | D6: Entor | E6: SIMPLE | F6: =VLOOKUP(routes[[#This Row],[difficulty]],Hoja2!C$1:D$3,2,FALSE) -> SIMPLE | G6: 2.9km | H6: 412m | I6: S+SE | J6: Borda del Marticella, a 1.940m | K6: Basses de les Salamandres, a 2.343m | L6: 1940 | M6: 2343
A7: 5 | B7: Bony d'Envalira | C7: =VLOOKUP(routes[[#This Row],[zone]],Hoja2!A$1:B$20,2,FALSE) -> zona_nord | D7: Grau Roig | E7: COMPLEX | F7: =VLOOKUP(routes[[#This Row],[difficulty]],Hoja2!C$1:D$3,2,FALSE) -> EXIGENT | G7: 3.8km | H7: 674m | I7: NW+SW+W | J7: Aparcament de Grau Roig, a 2.100 m | K7: Bony d'Envalira, a 2.684 m | L7: 2100 | M7: 2684
A8: 6 | B8: Bony de la Pleta de Jan | C8: =VLOOKUP(routes[[#This Row],[zone]],Hoja2!A$1:B$20,2,FALSE) -> zona_nord | D8: Ransol | E8: CHALLENGING | F8: =VLOOKUP(routes[[#This Row],[difficulty]],Hoja2!C$1:D$3,2,FALSE) -> COMPLEX | G8: 3.3km | H8: 638m | I8: S+SE | J8: Final carretera, a 1.953m | K8: Bony de la Pleta de Jan, a 2.525m | L8: 1953 | M8: 2525
A9: 7 | B9: Bony de les Neres | C9: =VLOOKUP(routes[[#This Row],[zone]],Hoja2!A$1:B$20,2,FALSE) -> zona_centre | D9: Bony de les Neres | E9: SIMPLE | F9: =VLOOKUP(routes[[#This Row],[difficulty]],Hoja2!C$1:D$3,2,FALSE) -> SIMPLE | G9: 3.1km | H9: 232m | I9: N | J9: Pàrquing de la carretera del Coll d’Ordino, a 1.981 m | K9: Bony de les Neres, a 2.209 m | L9: 1981 | M9: 2209
A10: 8 | B10: Bosc de Soldeu | C10: =VLOOKUP(routes[[#This Row],[zone]],Hoja2!A$1:B$20,2,FALSE) -> zona_nord | D10: El Tarter i Soldeu | E10: COMPLEX | F10: =VLOOKUP(routes[[#This Row],[difficulty]],Hoja2!C$1:D$3,2,FALSE) -> EXIGENT | G10: 3.2km | H10: 636m | I10: N | J10: Peu de l’estació de Soldeu, a 1.800 m | K10: Tosa dels Espiolets, a 2.467 m | L10: 1800 | M10: 2467
A11: 9 | B11: Cabana de Siscaró | C11: =VLOOKUP(routes[[#This Row],[zone]],Hoja2!A$1:B$20,2,FALSE) -> zona_nord | D11: Vall d'Incles i Siscaró | E11: CHALLENGING | F11: =VLOOKUP(routes[[#This Row],[difficulty]],Hoja2!C$1:D$3,2,FALSE) -> COMPLEX | G11: 4.8km | H11: 389m | I11: N+NE | J11: Pàrquing de la vall d'Incles, a 1.750m | K11: Cabana de Siscaró, a 2.145m | L11: 1750 | M11: 2145
A12: 10 | B12: Camí­ de l'Obac | C12: =VLOOKUP(routes[[#This Row],[zone]],Hoja2!A$1:B$20,2,FALSE) -> zona_nord | D12: El Tarter i Soldeu | E12: CHALLENGING | F12: =VLOOKUP(routes[[#This Row],[difficulty]],Hoja2!C$1:D$3,2,FALSE) -> COMPLEX | G12: 4.5km | H12: 828m | I12: N+NE | J12: Pàrquing del Tarter, a 1.710 m | K12: Pic d'Encampadana, a 2.491 m | L12: 1710 | M12: 2491
A13: 11 | B13: Canals de la Rabassa | C13: =VLOOKUP(routes[[#This Row],[zone]],Hoja2!A$1:B$20,2,FALSE) -> zona_nord | D13: Sorteny | E13: COMPLEX | F13: =VLOOKUP(routes[[#This Row],[difficulty]],Hoja2!C$1:D$3,2,FALSE) -> EXIGENT | G13: 5.3km | H13: 520m | I13: S+E+W | J13: Pàrquing de Sorteny, a 1780m | K13: Pàrquing de Sorteny, a 1780m | L13: 1780 | M13: 2300
... A122: 120 | B122: Volta Clots de Massat - Clots de l'Ós - Soldeu | C122: =VLOOKUP(routes[[#This Row],[zone]],Hoja2!A$1:B$20,2,FALSE) -> zona_nord | D122: Envalira | E122: CHALLENGING | F122: =VLOOKUP(routes[[#This Row],[difficulty]],Hoja2!C$1:D$3,2,FALSE) -> COMPLEX | G122: 6.0km | H122: 579m | I122: S+W | J122: Bordes d’Envalira, a 2.010 m | K122: Soldeu, a 1830 m | L122: 1830 | M122: 2700

Sheet Hoja2
A1: Valls del Comapedrosa | B1: zona_nord | C1: SIMPLE | D1: SIMPLE
A2: Cortals d'Encamp | B2: zona_centre | C2: COMPLEX | D2: EXIGENT
A3: El Tarter i Soldeu | B3: zona_nord | C3: CHALLENGING | D3: COMPLEX
A4: Entor | B4: zona_nord
A5: Grau Roig | B5: zona_nord
A6: Ransol | B6: zona_nord
A7: Bony de les Neres | B7: zona_centre
A8: Vall d'Incles i Siscaró | B8: zona_nord
A9: Sorteny | B9: zona_nord
A10: Arcalís | B10: zona_nord
A11: Valls de Madriu, Perafita i Claror | B11: zona_centre
A12: Montaup i Vall del Riu | B12: zona_nord
A13: Cortals de Sispony | B13: zona_centre
A14: Valls del Comapedrosa | B14: zona_nord
A15: Pal i Coll de la Botella | B15: zona_centre
... A20: La Rabassa | B20: zona_sud
